Qua_conj._ In so far as; in the capacity or character of; as.
Quab_n._ An unfledged bird; hence, something immature or unfinished.
Quab_v. i._ See Quob, v. i.
Qua-bird_n._ The American night heron. See under Night.
Quacha_n._ The quagga.
Qvacked_imp. & p. p._ of Quack
Quacking_p. pr. & vb. n._ of Quack
Quack_v. i._ To utter a sound like the cry of a duck._ To make vain and loud pretensions; to boast._ To act the part of a quack, or pretender.
Quack_n._ The cry of the duck, or a sound in imitation of it; a hoarse, quacking noise._ A boastful pretender to medical skill; an empiric; an ignorant practitioner._ Hence, one who boastfully pretends to skill or knowledge of any kind not possessed; a charlatan.
Quack_a._ Pertaining to or characterized by, boasting and pretension; used by quacks; pretending to cure diseases; as, a quack medicine; a quack doctor.
Quackeries_pl. _ of Quackery
Quackery_n._ The acts, arts, or boastful pretensions of a quack; false pretensions to any art; empiricism.
Quack grass__ See Quitch grass.
Quackish_a._ Like a quack; boasting; characterized by quackery.
Quackism_n._ Quackery.
Quackled_imp. & p. p._ of Quackle
Quackling_p. pr. & vb. n._ of Quackle
Quackle_v. i. & t._ To suffocate; to choke.
Quacksalver_n._ One who boasts of his skill in medicines and salves, or of the efficacy of his prescriptions; a charlatan; a quack; a mountebank.
Quad_a._ Alt. of Quade
Quade_a._ Evil; bad; baffling; as, a quade wind.
Quad_n._ A quadrat._ A quadrangle; hence, a prison.
Quadrae_pl. _ of Quadra
Quadra_n._ The plinth, or lowest member, of any pedestal, podium, water table, or the like._ A fillet, or listel.
Quadrable_a._ That may be sqyared, or reduced to an equivalent square; -- said of a surface when the area limited by a curve can be exactly found, and expressed in a finite number of algebraic terms.
Quadragenarious_a._ Consisting of forty; forty years old.
Quadragene_n._ An indulgence of forty days, corresponding to the forty days of ancient canonical penance.
Quadragesima_n._ The forty days of fast preceding Easter; Lent.
Quadragesimal_a._ Belonging to Lent; used in Lent; Lenten.
Quadragesimals_n. pl._ Offerings formerly made to the mother church of a diocese on Mid-Lent Sunday.
Quadrangle_n._ A plane figure having four angles, and consequently four sides; any figure having four angles._ A square or quadrangular space or inclosure, such a space or court surrounded by buildings, esp. such a court in a college or public school in England.
Quadrangular_a._ Having four angles, and consequently four sides; tetragonal.
Quadrantes_pl. _ of Quadrans
Quadrans_n._ A fourth part of the coin called an as. See 3d As, 2._ The fourth of a penny; a farthing. See Cur.
Quadrant_n._ The fourth part; the quarter._ The quarter of a circle, or of the circumference of a circle, an arc of 90�, or one subtending a right angle at the center._ One of the four parts into which a plane is divided by the coordinate axes. The upper right-hand part is the first quadrant; the upper left-hand part the second; the lower left-hand part the third; and the lower right-hand part the fourth quadrant._ An instrument for measuring altitudes, variously constructed and mounted for different specific uses in astronomy, surveying, gunnery, etc., consisting commonly of a graduated arc of 90�, with an index or vernier, and either plain or telescopic sights, and usually having a plumb line or spirit level for fixing the vertical or horizontal direction.
Quadrantal_a._ Of or pertaining to a quadrant; also, included in the fourth part of a circle; as, quadrantal space.
Quadrantal_n._ A cubical vessel containing a Roman cubic foot, each side being a Roman square foot; -- used as a measure._ A cube.
Quadrat_n._ A block of type metal lower than the letters, -- used in spacing and in blank lines._ An old instrument used for taking altitudes; -- called also geometrical square, and line of shadows.
Quadrate_a._ Having four equal sides, the opposite sides parallel, and four right angles; square._ Produced by multiplying a number by itself; square._ Square; even; balanced; equal; exact._ Squared; suited; correspondent._ A plane surface with four equal sides and four right angles; a square; hence, figuratively, anything having the outline of a square._ An aspect of the heavenly bodies in which they are distant from each other 90�, or the quarter of a circle; quartile. See the Note under Aspect, 6._ The quadrate bone.
Quadrated_imp. & p. p._ of Quadrate
Quadrating_p. pr. & vb. n._ of Quadrate
Quadrate_a._ To square; to agree; to suit; to correspond; -- followed by with.
Quadrate_v. t._ To adjust (a gun) on its carriage; also, to train (a gun) for horizontal firing.
Quadratic_a._ Of or pertaining to a square, or to squares; resembling a quadrate, or square; square._ Tetragonal._ Pertaining to terms of the second degree; as, a quadratic equation, in which the highest power of the unknown quantity is a square.
Quadratics_n._ That branch of algebra which treats of quadratic equations.
Quadratojugal_a._ Of or pertaining to the quadrate and jugal bones._ Of or pertaining to the quadratojugal bone.
Quadratojugal_n._ The quadratojugal bone.
-trixes_pl. _ of Quadratrix
-trices_pl. _ of Quadratrix
Quadratrix_n._ A curve made use of in the quadrature of other curves; as the quadratrix, of Dinostratus, or of Tschirnhausen.
Quadrature_a._ The act of squaring; the finding of a square having the same area as some given curvilinear figure; as, the quadrature of a circle; the operation of finding an expression for the area of a figure bounded wholly or in part by a curved line, as by a curve, two ordinates, and the axis of abscissas._ A quadrate; a square._ The integral used in obtaining the area bounded by a curve; hence, the definite integral of the product of any function of one variable into the differential of that variable._ The position of one heavenly body in respect to another when distant from it 90�, or a quarter of a circle, as the moon when at an equal distance from the points of conjunction and opposition.
Quadrel_n._ A square piece of turf or peat._ A square brick, tile, or the like.
Quadrennial_a._ Comprising four years; as, a quadrennial period._ Occurring once in four years, or at the end of every four years; as, quadrennial games.
Quadrennially_adv._ Once in four years.
Quadrennium_n._ A space or period of four years.
Quadri-__ A combining form meaning four, four times, fourfold; as, quadricapsular, having four capsules.
Quadribasic_a._ Same as Tetrabasic.
Quadrible_a._ Quadrable.
Quadric_a._ Of or pertaining to the second degree.
Quadric_n._ A quantic of the second degree. See Quantic._ A surface whose equation in three variables is of the second degree. Spheres, spheroids, ellipsoids, paraboloids, hyperboloids, also cones and cylinders with circular bases, are quadrics.
Quadricapsular_a._ Having four capsules.
Quadriceps_n._ The great extensor muscle of the knee, divided above into four parts which unite in a single tendon at the knee.
Quadricipital_n._ Of or pertaining to the quadriceps.
Quadricorn_n._ Any quadricornous animal.
Quadricornous_a._ Having four horns, or hornlike organs; as, a quadricornous beetle.
Quadricostate_a._ Having four ribs.
Quadridentate_a._ Having four teeth; as, a quadridentate leaf.
Quadriennial_a._ Same as Quadrennial.
Quadrifarious_a._ Arranged in four rows or ranks; as, quadrifarious leaves.
Quadrifid_a._ Divided, or deeply cleft, into four parts; as, a quadrifid perianth; a quadrifid leaf.
Quadrifoil_a._ Alt. of Quadrifoliate
Quadrifoliate_a._ Four-leaved; having the leaves in whorls of four.
Quadrifurcated_a._ Having four forks, or branches.
Quadrigae_pl. _ of Quadriga
Quadriga_n._ A car or chariot drawn by four horses abreast.
Quadrigeminal_a._ Alt. of Quadrigeminous
Quadrigeminous_a._ Fourfold; having four similar parts, or two pairs of similar parts.
Quadrigenarious_a._ Consisting of four hundred.
Quadrijugate_a._ Same as Quadrijugous.
Quadrijugous_a._ Pinnate, with four pairs of leaflets; as, a quadrijugous leaf.
Quadrilateral_a._ Having four sides, and consequently four angles; quadrangular.
Quadrilateral_n._ A plane figure having four sides, and consequently four angles; a quadrangular figure; any figure formed by four lines._ An area defended by four fortresses supporting each other; as, the Venetian quadrilateral, comprising Mantua, Peschiera, Verona, and Legnano.
Quadrilateralness_n._ The property of being quadrilateral.
Quadriliteral_a._ Consisting of four letters.
Quadrille_n._ A dance having five figures, in common time, four couples of dancers being in each set._ The appropriate music for a quadrille._ A game played by four persons with forty cards, being the remainder of an ordinary pack after the tens, nines, and eights are discarded.
Quadrillion_n._ According to the French notation, which is followed also upon the Continent and in the United States, a unit with fifteen ciphers annexed; according to the English notation, the number produced by involving a million to the fourth power, or the number represented by a unit with twenty-four ciphers annexed. See the Note under Numeration.
Quadrilobate_a._ Alt. of Quadrilobed
Quadrilobed_a._ Having four lobes; as, a quadrilobate leaf.
Quadrilocular_a._ Having four cells, or cavities; as, a quadrilocular heart.
Quadrin_n._ A small piece of money, in value about a farthing, or a half cent.
Quadrinodal_a._ Possessing four nodes; as, quadrinodal curves.
Quadrinomial_n._ A polynomial of four terms connected by the signs plus or minus.
Quadrinomical_a._ Quadrinomial.
Quadrinominal_a._ Quadrinomial.
Quadripartite_a._ Divided into four parts.
Quadripartitely_adv._ In four parts.
Quadripartition_n._ A division or distribution by four, or into four parts; also, a taking the fourth part of any quantity or number.
Quadripennate_a._ Having four wings; -- said of insects.
Quadriphyllous_a._ Having four leaves; quadrifoliate.
Quadrireme_n._ A galley with four banks of oars or rowers.
Quadrisection_n._ A subdivision into four parts.
Quadrisulcate_a._ Having four hoofs; as, a quadrisulcate foot; a quadrisulcate animal.
Quadrisyllabic__ Alt. of Quadri-syllabical
Quadri-syllabical__ Having four syllables; of or pertaining to quadrisyllables; as, a quadrisyllabic word.
Quadrisyllable_n._ A word consisting of four syllables.
Quadrivalence_n._ The quality or state of being quadrivalent; tetravalence.
Quadrivalent_a._ Having a valence of four; capable of combining with, being replaced by, or compared with, four monad atoms; tetravalent; -- said of certain atoms and radicals; thus, carbon and silicon are quadrivalent elements.
Quadrivalve_a._ Dehiscent into four similar parts; four-valved; as, a quadrivalve pericarp.
Quadrivalve_n._ A door, shutter, or the like, having four folds.
Quadrivalvular_a._ Having four valves; quadrivalve.
Quadrivial_a._ Having four ways meeting in a point.
Quadrivial_n._" One of the four ""liberal arts"" making up the quadrivium."
Quadrivium_n._" The four ""liberal arts,"" arithmetic, music, geometry, and astronomy; -- so called by the schoolmen. See Trivium."
Quadroon_n._ The offspring of a mulatto and a white person; a person quarter-blooded.
Quadroxide_n._ A tetroxide.
Quadrumana_n. pl._ A division of the Primates comprising the apes and monkeys; -- so called because the hind foot is usually prehensile, and the great toe opposable somewhat like a thumb. Formerly the Quadrumana were considered an order distinct from the Bimana, which last included man alone.
Quadrumane_n._ One of the Quadrumana.
Quadrumanous_a._ Having four hands; of or pertaining to the Quadrumana.
Quadruped_a._ Having four feet.
Quadruped_n._ An animal having four feet, as most mammals and reptiles; -- often restricted to the mammals.
Quadrupedal_a._ Having four feet; of or pertaining to a quadruped.
Quadruple_a._ Fourfold; as, to make quadruple restitution; a quadruple alliance.
Quadruple_n._ four times the sum or number; a fourfold amount; as, to receive to quadruple of the amount in damages.
Quadrupled_imp. & p. p._ of Quadruple
Quadrupling_p. pr. & vb. n._ of Quadruple
Quadruple_v. t._ To multiply by four; to increase fourfold; to double; to double twice.
Quadruple_v. i._ To be multiplied by four; to increase fourfold; to become four times as much.
Quadruplex_a._ Fourfold; folded or doubled twice.
Quadruplicated_imp. & p. p._ of Quadruplicate
Quadruplicating_p. pr. & vb. n._ of Quadruplicate
Quadruplicate_v. t._ To make fourfold; to double twice; to quadruple.
Quadruplicate_a._ Fourfold; doubled twice; four times repeated; as, a quadruplicate ratio, or a quadruplicate proportion._ Raised to the fourth power.
Quadruplication_n._ The act of making fourfold; a taking four times the simple sum or amount.
Quadruply_adv._ To a fourfold quantity; so as to be, or cause to be, quadruple; as, to be quadruply recompensed.
Quaere_v. imperative._ Inquire; question; see; -- used to signify doubt or to suggest investigation.
Quaestor_n._ Same as Questor.
Quaffed_imp. & p. p._ of Quaff
Quaffing_p. pr. & vb. n._ of Quaff
Quaff_v. t._ To drink with relish; to drink copiously of; to swallow in large draughts.
Quaff_v. i._ To drink largely or luxuriously.
Quaffer_n._ One who quaffs, or drinks largely.
Quag_n._ A quagmire.
Quagga_n._ A South African wild ass (Equus, / Hippotigris, quagga). The upper parts are reddish brown, becoming paler behind and behind and beneath, with dark stripes on the face, neck, and fore part of the body.
Quaggy_a._ Of the nature of a quagmire; yielding or trembling under the foot, as soft, wet earth; spongy; boggy.
Quagmire_n._ Soft, wet, miry land, which shakes or yields under the feet.
Quahog_n._ Alt. of Quahaug
Quahaug_n._ An American market clam (Venus mercenaria). It is sold in large quantities, and is highly valued as food. Called also round clam, and hard clam.
Quaigh_n._ Alt. of Quaich
Quaich_n._ A small shallow cup or drinking vessel.
Qualled_imp. & p. p._ of Quail
Qualling_p. pr. & vb. n._ of Quail
Quail_v. i._ To die; to perish; hence, to wither; to fade._ To become quelled; to become cast down; to sink under trial or apprehension of danger; to lose the spirit and power of resistance; to lose heart; to give way; to shrink; to cower.
Quail_v. t._ To cause to fail in spirit or power; to quell; to crush; to subdue.
Quail_v. i._ To curdle; to coagulate, as milk.
Quail_n._ Any gallinaceous bird belonging to Coturnix and several allied genera of the Old World, especially the common European quail (C. communis), the rain quail (C. Coromandelica) of India, the stubble quail (C. pectoralis), and the Australian swamp quail (Synoicus australis)._ Any one of several American partridges belonging to Colinus, Callipepla, and allied genera, especially the bobwhite (called Virginia quail, and Maryland quail), and the California quail (Calipepla Californica)._ Any one of numerous species of Turnix and allied genera, native of the Old World, as the Australian painted quail (Turnix varius). See Turnix._ A prostitute; -- so called because the quail was thought to be a very amorous bird.
Quaily_n._ The upland plover.
Quaint_a._ Prudent; wise; hence, crafty; artful; wily._ Characterized by ingenuity or art; finely fashioned; skillfully wrought; elegant; graceful; nice; neat._ Curious and fanciful; affected; odd; whimsical; antique; archaic; singular; unusual; as, quaint architecture; a quaint expression.
Quaintise_n._ Craft; subtlety; cunning._ Elegance; beauty.
Quaintly_adv._ In a quaint manner.
Quaintness_n._ The quality of being quaint.
Quair_n._ A quire; a book.
Quaked_imp. & p. p._ of Quake
Quaking_p. pr. & vb. n._ of Quake
Quake_v. i._ To be agitated with quick, short motions continually repeated; to shake with fear, cold, etc.; to shudder; to tremble._ To shake, vibrate, or quiver, either from not being solid, as soft, wet land, or from violent convulsion of any kind; as, the earth quakes; the mountains quake.
Quake_v. t._ To cause to quake.
Quake_n._ A tremulous agitation; a quick vibratory movement; a shudder; a quivering.
Quaker_n._ One who quakes._ One of a religious sect founded by George Fox, of Leicestershire, England, about 1650, -- the members of which call themselves Friends. They were called Quakers, originally, in derision. See Friend, n., 4._ The nankeen bird._ The sooty albatross._ Any grasshopper or locust of the genus (Edipoda; -- so called from the quaking noise made during flight.
Quakeress_n._ A woman who is a member of the Society of Friends.
Quakerish_a._ Like or pertaining to a Quaker; Quakerlike.
Quakerism_n._ The peculiar character, manners, tenets, etc., of the Quakers.
Quakerlike_a._ Like a Quaker.
Quakerly_a._ Resembling Quakers; Quakerlike; Quakerish.
Quakery_n._ Quakerism.
Quaketail_n._ A wagtail.
Quakness_n._ The state of being quaky; liability to quake.
Quaking__ a. & n. from Quake, v.
Quakingly_adv._ In a quaking manner; fearfully.
Quaky_a._ Shaky, or tremulous; quaking.
Qualifiable_a._ Capable of being qualified; abatable; modifiable.
Qualification_n._ The act of qualifying, or the condition of being qualified._ That which qualifies; any natural endowment, or any acquirement, which fits a person for a place, office, or employment, or which enables him to sustian any character with success; an enabling quality or circumstance; requisite capacity or possession._ The act of limiting, or the state of being limited; that which qualifies by limiting; modification; restriction; hence, abatement; diminution; as, to use words without any qualification.
Qualificative_n._ That which qualifies, modifies, or restricts; a qualifying term or statement.
Qualificator_n._ An officer whose business it is to examine and prepare causes for trial in the ecclesiastical courts.
Qualified_a._ Fitted by accomplishments or endowments._ Modified; limited; as, a qualified statement.
Qualifiedly_adv._ In the way of qualification; with modification or qualification.
Qualifiedness_n._ The state of being qualified.
Qualifier_n._ One who, or that which, qualifies; that which modifies, reduces, tempers or restrains.
Qualified_imp. & p. p._ of Qualify
Qualifying_p. pr. & vb. n._ of Qualify
Qualify_v. t._ To make such as is required; to give added or requisite qualities to; to fit, as for a place, office, occupation, or character; to furnish with the knowledge, skill, or other accomplishment necessary for a purpose; to make capable, as of an employment or privilege; to supply with legal power or capacity._ To give individual quality to; to modulate; to vary; to regulate._ To reduce from a general, undefined, or comprehensive form, to particular or restricted form; to modify; to limit; to restrict; to restrain; as, to qualify a statement, claim, or proposition._ Hence, to soften; to abate; to diminish; to assuage; to reduce the strength of, as liquors._ To soothe; to cure; -- said of persons.
Qualify_v. i._ To be or become qualified; to be fit, as for an office or employment._ To obtain legal power or capacity by taking the oath, or complying with the forms required, on assuming an office.
Qualitative_a._ Relating to quality; having the character of quality.
Qualitied_a._ Furnished with qualities; endowed.
Qualities_pl. _ of Quality
Quality_n._ The condition of being of such and such a sort as distinguished from others; nature or character relatively considered, as of goods; character; sort; rank._ Special or temporary character; profession; occupation; assumed or asserted rank, part, or position._ That which makes, or helps to make, anything such as it is; anything belonging to a subject, or predicable of it; distinguishing property, characteristic, or attribute; peculiar power, capacity, or virtue; distinctive trait; as, the tones of a flute differ from those of a violin in quality; the great quality of a statesman._ An acquired trait; accomplishment; acquisition._ Superior birth or station; high rank; elevated character.
Qualm_n._ Sickness; disease; pestilence; death._ A sudden attack of illness, faintness, or pain; an agony._ Especially, a sudden sensation of nausea._ A prick or scruple of conscience; uneasiness of conscience; compunction.
Qualmish_a._ Sick at the stomach; affected with nausea or sickly languor; inclined to vomit.
Quamash_n._ See Camass.
Quamoclit_n._ Formerly, a genus of plants including the cypress vine (Quamoclit vulgaris, now called Ipomoea Quamoclit). The genus is now merged in Ipomoea.
Quandaries_pl. _ of Quandary
Quandary_n._ A state of difficulty or perplexity; doubt; uncertainty.
Quandary_v. t._ To bring into a state of uncertainty, perplexity, or difficulty.
Quandong_n._ The edible drupaceous fruit of an Australian tree (Fusanus acuminatus) of the Sandalwood family; -- called also quandang.
Quandy_n._ The old squaw.
Quannet_n._ A flat file having the handle at one side, so as to be used like a plane.
Quant_n._ A punting pole with a broad flange near the end to prevent it from sinking into the mud; a setting pole.
Quantic_n._ A homogeneous algebraic function of two or more variables, in general containing only positive integral powers of the variables, and called quadric, cubic, quartic, etc., according as it is of the second, third, fourth, fifth, or a higher degree. These are further called binary, ternary, quaternary, etc., according as they contain two, three, four, or more variables; thus, the quantic / is a binary cubic.
Quantification_n._ Modification by a reference to quantity; the introduction of the element of quantity.
Quantity_v. t._ To modify or qualify with respect to quantity; to fix or express the quantity of; to rate.
Quantitative_a._ Relating to quantity.
Quantitive_a._ Estimable according to quantity; quantitative.
Quantitively_adv._ So as to be measurable by quantity; quantitatively.
Quantities_pl. _ of Quantity
Quantity_n._" The attribute of being so much, and not more or less; the property of being measurable, or capable of increase and decrease, multiplication and division; greatness; and more concretely, that which answers the question ""How much?""; measure in regard to bulk or amount; determinate or comparative dimensions; measure; amount; bulk; extent; size."_ The extent or extension of a general conception, that is, the number of species or individuals to which it may be applied; also, its content or comprehension, that is, the number of its constituent qualities, attributes, or relations._ The measure of a syllable; that which determines the time in which it is pronounced; as, the long or short quantity of a vowel or syllable._ The relative duration of a tone._ That which can be increased, diminished, or measured; especially (Math.), anything to which mathematical processes are applicable._ A determinate or estimated amount; a sum or bulk; a certain portion or part; sometimes, a considerable amount; a large portion, bulk, or sum; as, a medicine taken in quantities, that is, in large quantities.
Quantivalence_n._ Valence.
Quantivalent_a._ Of or pertaining to quantivalence.
Quanta_pl. _ of Quantum
Quantum_n._ Quantity; amount._ A definite portion of a manifoldness, limited by a mark or by a boundary.
Quap_v. i._ To quaver.
Quaquaversal_a._ Turning or dipping in any or every direction._ Dipping toward all points of the compass round a center, as beds of lava round a crater.
Quar_n._ A quarry.
Quarantine_n._ A space of forty days; -- used of Lent._ Specifically, the term, originally of forty days, during which a ship arriving in port, and suspected of being infected a malignant contagious disease, is obliged to forbear all intercourse with the shore; hence, such restraint or inhibition of intercourse; also, the place where infected or prohibited vessels are stationed._ The period of forty days during which the widow had the privilege of remaining in the mansion house of which her husband died seized.
Quarantined_imp. & p. p._ of Quarantine
Quarantining_p. pr. & vb. n._ of Quarantine
Quarantine_v. t._ To compel to remain at a distance, or in a given place, without intercourse, when suspected of having contagious disease; to put under, or in, quarantine.
Quarl_n._ A medusa, or jellyfish.
Quarrel_n._ An arrow for a crossbow; -- so named because it commonly had a square head._ Any small square or quadrangular member_ A square of glass, esp. when set diagonally._ A small opening in window tracery, of which the cusps, etc., make the form nearly square._ A square or lozenge-shaped paving tile._ A glazier's diamond._ A four-sided cutting tool or chisel having a diamond-shaped end._ A breach of concord, amity, or obligation; a falling out; a difference; a disagreement; an antagonism in opinion, feeling, or conduct; esp., an angry dispute, contest, or strife; a brawl; an altercation; as, he had a quarrel with his father about expenses._ Ground of objection, dislike, difference, or hostility; cause of dispute or contest; occasion of altercation._ Earnest desire or longing.
Quarreled_imp. & p. p._ of Quarrel
Quarrelled__ of Quarrel
Quarreling_p. pr. & vb. n._ of Quarrel
Quarrelling__ of Quarrel
Quarrel_v. i._ To violate concord or agreement; to have a difference; to fall out; to be or become antagonistic._ To dispute angrily, or violently; to wrangle; to scold; to altercate; to contend; to fight._ To find fault; to cavil; as, to quarrel with one's lot.
Quarrel_v. t._ To quarrel with._ To compel by a quarrel; as, to quarrel a man out of his estate or rights.
Quarrel_n._ One who quarrels or wrangles; one who is quarrelsome.
Quarrelet_n._ A little quarrel. See 1st Quarrel, 2.
Quarreling_a._ Engaged in a quarrel; apt or disposed to quarrel; as, quarreling factions; a quarreling mood.
Quarrellous_a._ Quarrelsome.
Quarrelsome_a._ Apt or disposed to quarrel; given to brawls and contention; easily irritated or provoked to contest; irascible; choleric.
Quarried_a._ Provided with prey.
Quarrier_n._ A worker in a stone quarry.
Quarry_n._ Same as 1st Quarrel.
Quarry_a._ Quadrate; square.
Quarries_pl. _ of Quarry
Quarry_n._ A part of the entrails of the beast taken, given to the hounds._ A heap of game killed._ The object of the chase; the animal hunted for; game; especially, the game hunted with hawks.
Quarry_v. i._ To secure prey; to prey, as a vulture or harpy.
Quarry_n._ A place, cavern, or pit where stone is taken from the rock or ledge, or dug from the earth, for building or other purposes; a stone pit. See 5th Mine (a).
Quarried_imp. & p. p._ of Quarry
Quarrying_p. pr. & vb. n._ of Quarry
Quarry_v. t._ To dig or take from a quarry; as, to quarry marble.
Quarry-faced_a._ Having a face left as it comes from the quarry and not smoothed with the chisel or point; -- said of stones.
Quarrymen_pl. _ of Quarry-man
Quarry-man_n._ A man who is engaged in quarrying stones; a quarrier.
Quart_n._ The fourth part; a quarter; hence, a region of the earth._ A measure of capacity, both in dry and in liquid measure; the fourth part of a gallon; the eighth part of a peck; two pints._ A vessel or measure containing a quart._ In cards, four successive cards of the same suit.  Cf. Tierce, 4.
Quartan_a._ Of or pertaining to the fourth; occurring every fourth day, reckoning inclusively; as, a quartan ague, or fever.
Quartan_n._ An intermittent fever which returns every fourth day, reckoning inclusively, that is, one in which the interval between paroxysms is two days._ A measure, the fourth part of some other measure.
Quartane_n._ Butane, each molecule of which has four carbon atoms.
Quartation_n._ The act, process, or result (in the process of parting) of alloying a button of nearly pure gold with enough silver to reduce the fineness so as to allow acids to attack and remove all metals except the gold; -- called also inquartation. Compare Parting.
Quarte_n._ Same as 2d Carte.
Quartene_n._ Same as Butylene.
Quartenylic_a._ Pertaining to, or designating, an acid of the acrylic acid series, metameric with crotonic acid, and obtained as a colorless liquid; -- so called from having four carbon atoms in the molecule. Called also isocrotonic acid.
Quarter_n._ One of four equal parts into which anything is divided, or is regarded as divided; a fourth part or portion; as, a quarter of a dollar, of a pound, of a yard, of an hour, etc._ The fourth of a hundred-weight, being 25 or 28 pounds, according as the hundredweight is reckoned at 100 or 112 pounds._ The fourth of a ton in weight, or eight bushels of grain; as, a quarter of wheat; also, the fourth part of a chaldron of coal._ The fourth part of the moon's period, or monthly revolution; as, the first quarter after the change or full._ One limb of a quadruped with the adjacent parts; one fourth part of the carcass of a slaughtered animal, including a leg; as, the fore quarters; the hind quarters._ That part of a boot or shoe which forms the side, from the heel to the vamp._ That part on either side of a horse's hoof between the toe and heel, being the side of the coffin._ A term of study in a seminary, college, etc, etc.; properly, a fourth part of the year, but often longer or shorter._ The encampment on one of the principal passages round a place besieged, to prevent relief and intercept convoys._ The after-part of a vessel's side, generally corresponding in extent with the quarter-deck; also, the part of the yardarm outside of the slings._ One of the divisions of an escutcheon when it is divided into four portions by a horizontal and a perpendicular line meeting in the fess point.
Quarter_v. t._ A division of a town, city, or county; a particular district; a locality; as, the Latin quarter in Paris._ A small upright timber post, used in partitions; -- in the United States more commonly called stud._ The fourth part of the distance from one point of the compass to another, being the fourth part of 11� 15', that is, about 2� 49'; -- called also quarter point._ Proper station; specific place; assigned position; special location._ A station at which officers and men are posted in battle; -- usually in the plural._ Place of lodging or temporary residence; shelter; entertainment; -- usually in the plural._ A station or encampment occupied by troops; a place of lodging for soldiers or officers; as, winter quarters._ Treatment shown by an enemy; mercy; especially, the act of sparing the life a conquered enemy; a refraining from pushing one's advantage to extremes._ Friendship; amity; concord.
Quartered_imp. & p. p._ of Quartter
Quartering_p. pr. & vb. n._ of Quartter
Quartter_v. t._ To divide into four equal parts._ To divide; to separate into parts or regions._ To furnish with shelter or entertainment; to supply with the means of living for a time; especially, to furnish shelter to; as, to quarter soldiers._ To furnish as a portion; to allot._ To arrange (different coats of arms) upon one escutcheon, as when a man inherits from both father and mother the right to bear arms.
Quarter_v. i._ To lodge; to have a temporary residence._ To drive a carriage so as to prevent the wheels from going into the ruts, or so that a rut shall be between the wheels.
Quarterage_n._ A quarterly allowance.
Quarter-deck_n._ That part of the upper deck abaft the mainmast, including the poop deck when there is one.
Quarterfoil_n._ An ornamental foliation having four lobes, or foils.
Quarterhung_a._ Having trunnions the axes of which lie below the bore; -- said of a cannon.
Quartering_a._ Coming from a point well abaft the beam, but not directly astern; -- said of waves or any moving object._ At right angles, as the cranks of a locomotive, which are in planes forming a right angle with each other.
Quartering_n._ A station._ Assignment of quarters for soldiers; quarters._ The division of a shield containing different coats of arms into four or more compartments._ One of the different coats of arms arranged upon an escutcheon, denoting the descent of the bearer._ A series of quarters, or small upright posts. See Quarter, n., 1 (m) (Arch.)
Quarterly_a._ Containing, or consisting of, a fourth part; as, quarterly seasons._ Recurring during, or at the end of, each quarter; as, quarterly payments of rent; a quarterly meeting.
Quarterlies_pl. _ of Quarterly
Quarterly_n._ A periodical work published once a quarter, or four times in a year.
Quarterly_adv._ By quarters; once in a quarter of a year; as, the returns are made quarterly._ In quarters, or quarterings; as, to bear arms quarterly; in four or more parts; -- said of a shield thus divided by lines drawn through it at right angles.
Quartermaster_n._ An officer whose duty is to provide quarters, provisions, storage, clothing, fuel, stationery, and transportation for a regiment or other body of troops, and superintend the supplies._ A petty officer who attends to the helm, binnacle, signals, and the like, under the direction of the master.
Quartern_n._ A quarter. Specifically: (a) The fourth part of a pint; a gill. (b) The fourth part of a peck, or of a stone (14 ibs.)._ A loaf of bread weighing about four pounds; -- called also quartern loaf.
Quarteron_n._ A quarter; esp., a quarter of a pound, or a quarter of a hundred._ Alt. of Quarteroon
Quarteroon_n._ A quadroon.
Quarterpace_n._ A platform of a staircase where the stair turns at a right angle only. See Halfpace.
Quarter round__ An ovolo.
Quarterstaves_pl. _ of Quarterstaff
Quarterstaff_n._ A long and stout staff formerly used as a weapon of defense and offense; -- so called because in holding it one hand was placed in the middle, and the other between the middle and the end.
Quartet_n._ Alt. of Quartette
Quartette_n._ A composition in four parts, each performed by a single voice or instrument._ The set of four person who perform a piece of music in four parts._ A stanza of four lines.
Quartic_a._ Of the fourth degree.
Quartic_n._ A quantic of the fourth degree. See Quantic._ A curve or surface whose equation is of the fourth degree in the variables.
Quartile_n._ Same as Quadrate.
Quartine_n._ A supposed fourth integument of an ovule, counting from the outside.
Quarto_a._ Having four leaves to the sheet; of the form or size of a quarto.
Quartos_pl. _ of Quarto
Quarto_n._ Originally, a book of the size of the fourth of sheet of printing paper; a size leaves; in present usage, a book of a square or nearly square form, and usually of large size.
Quartridge_n._ Quarterage.
Quartz_n._ A form of silica, or silicon dioxide (SiO2), occurring in hexagonal crystals, which are commonly colorless and transparent, but sometimes also yellow, brown, purple, green, and of other colors; also in cryptocrystalline massive forms varying in color and degree of transparency, being sometimes opaque.
Quartziferous_a._ Consisting chiefly of quartz; containing quartz.
Quartzite_n._ Massive quartz occurring as a rock; a metamorphosed sandstone; -- called also quartz rock.
Quartzoid_n._ A form of crystal common with quartz, consisting of two six-sided pyramids, base to base.
Quartzose_a._ Containing, or resembling, quartz; partaking of the nature or qualities of quartz.
quartzous_a._ Quarzose.
Quartzy_a._ Quartzose.
Quas_n._ A kind of beer. Same as Quass.
Quaschi_n._ Alt. of Quasje
Quasje_n._ The brown coati. See Coati.
Quash_n._ Same as Squash.
Quashed_imp. & p. p._ of Quash
Quashing_p. pr. & vb. n._ of Quash
Quash_v. t._ To abate, annul, overthrow, or make void; as, to quash an indictment._ To beat down, or beat in pieces; to dash forcibly; to crush._ To crush; to subdue; to suppress or extinguish summarily and completely; as, to quash a rebellion.
Quash_v. i._ To be shaken, or dashed about, with noise.
Quashee_n._ A negro of the West Indies.
Quasi__ As if; as though; as it were; in a manner sense or degree; having some resemblance to; qualified; -- used as an adjective, or a prefix with a noun or an adjective; as, a quasi contract, an implied contract, an obligation which has arisen from some act, as if from a contract; a quasi corporation, a body that has some, but not all, of the peculiar attributes of a corporation; a quasi argument, that which resembles, or is used as, an argument; quasi historical, apparently historical, seeming to be historical.
Quasimodo_n._ The first Sunday after Easter; Low Sunday.
Quass_n._ A thin, sour beer, made by pouring warm water on rye or barley meal and letting it ferment, -- much used by the Russians.
Quassation_n._ The act of shaking, or the state of being shaken.
Quassia_n._ The wood of several tropical American trees of the order Simarubeae, as Quassia amara, Picraena excelsa, and Simaruba amara. It is intensely bitter, and is used in medicine and sometimes as a substitute for hops in making beer.
Quassin_n._ The bitter principle of quassia, extracted as a white crystalline substance; -- formerly called quassite.
Quat_n._ A pustule._ An annoying, worthless person.
Quat_v. t._ To satiate; to satisfy.
Quata_n._ The coaita.
Quatch_a._ Squat; flat.
Quater-cousin_n._ A cousin within the first four degrees of kindred.
Quaternary_a._ Consisting of four; by fours, or in sets of four._ Later than, or subsequent to, the Tertiary; Post-tertiary; as, the Quaternary age, or Age of man.
Quaternary_n._ The number four._ The Quaternary age, era, or formation. See the Chart of Geology.
Quaternate_a._ Composed of, or arranged in, sets of four; quaternary; as, quaternate leaves.
Quaternion_n._ The number four._ A set of four parts, things, or person; four things taken collectively; a group of four words, phrases, circumstances, facts, or the like._ A word of four syllables; a quadrisyllable._ The quotient of two vectors, or of two directed right lines in space, considered as depending on four geometrical elements, and as expressible by an algebraic symbol of quadrinomial form.
Quaternion_v. t._ To divide into quaternions, files, or companies.
Quaternity_n._ The number four._ The union of four in one, as of four persons; -- analogous to the theological term trinity.
Quateron_n._ See 2d Quarteron.
Quatorzain_n._ A poem of fourteen lines; a sonnet.
Quatorze_n._ The four aces, kings, queens, knaves, or tens, in the game of piquet; -- so called because quatorze counts as fourteen points.
Quatrain_n._ A stanza of four lines rhyming alternately.
Quatre_n._ A card, die. or domino, having four spots, or pips
Quatrefeuille_n._ Alt. of Quatrefoil
Quatrefoil_n._ Same as Quarterfoil.
Quatuor_n._ A quartet; -- applied chiefly to instrumental compositions.
Quave_n._ See Quaver.
Quave_v. i._ To quaver.
Quavemire_n._ See Quagmire.
Quavered_imp. & p. p._ of Quaver
Quavering_p. pr. & vb. n._ of Quaver
Quaver_v. i._ To tremble; to vibrate; to shake._ Especially, to shake the voice; to utter or form sound with rapid or tremulous vibrations, as in singing; also, to trill on a musical instrument
Quaver_v. t._ To utter with quavers.
Quaver_n._ A shake, or rapid and tremulous vibration, of the voice, or of an instrument of music._ An eighth note. See Eighth.
Quaverer_n._ One who quavers; a warbler.
Quay_n._ A mole, bank, or wharf, formed toward the sea, or at the side of a harbor, river, or other navigable water, for convenience in loading and unloading vessels.
Quay_v. t._ To furnish with quays.
Quayage_n._ Wharfage.
Quayd__ p. p. of Quail.
Que_n._ A half farthing.
Queach_n._ A thick, bushy plot; a thicket.
Queach_v. i._ To stir; to move. See Quick, v. i.
Queachy_a._ Yielding or trembling under the feet, as moist or boggy ground; shaking; moving._ Like a queach; thick; bushy.
Quean_n._ A woman; a young or unmarried woman; a girl._ A low woman; a wench; a slut.
Queasily_adv._ In a queasy manner.
Queasiness_n._ The state of being queasy; nausea; qualmishness; squeamishness.
Queasy_a._ Sick at the stomach; affected with nausea; inclined to vomit; qualmish._ Fastidious; squeamish; delicate; easily disturbed; unsettled; ticklish.
Quebec group__ The middle of the three groups into which the rocks of the Canadian period have been divided in the American Lower Silurian system. See the Chart of Geology.
Quebracho_n._ A Chilian apocynaceous tree (Aspidosperma Quebracho); also, its bark, which is used as a febrifuge, and for dyspn/a of the lung, or bronchial diseases; -- called also white quebracho, to distinguish it from the red quebracho, a Mexican anacardiaceous tree (Loxopterygium Lorentzii) whose bark is said to have similar properties.
Quebrith_n._ Sulphur.
Quech_v. i._ Alt. of Queck
Queck_v. i._ A word occurring in a corrupt passage of Bacon's Essays, and probably meaning, to stir, to move.
Queen_n._ The wife of a king._ A woman who is the sovereign of a kingdom; a female monarch; as, Elizabeth, queen of England; Mary, queen of Scots._ A woman eminent in power or attractions; the highest of her kind; as, a queen in society; -- also used figuratively of cities, countries, etc._ The fertile, or fully developed, female of social bees, ants, and termites._ The most powerful, and except the king the most important, piece in a set of chessmen._ A playing card bearing the picture of a queen; as, the queen of spades._ A male homosexual, esp. one who is effeminate or dresses in women's clothing.
Queen_v. i._ To act the part of a queen.
Queened_imp. & p. p._ of Queen
Queening_p. pr. & vb. n._ of Queen
Queen_v. i._ To make a queen (or other piece, at the player's discretion) of by moving it to the eighth row; as, to queen a pawn.
Queencraft_n._ Craft or skill in policy on the part of a queen.
Queendom_n._ The dominion, condition, or character of a queen.
Queenfish_n._ A California sciaenoid food fish (Seriphys politus). The back is bluish, and the sides and belly bright silvery. Called also kingfish.
Queenhood_n._ The state, personality, or character of a queen; queenliness.
Queening_n._ Any one of several kinds of apples, as summer queening, scarlet queening, and early queening. An apple called the queening was cultivated in England two hundred years ago.
Queenliness_n._ The quality of being queenly; the; characteristic of a queen; stateliness; eminence among women in attractions or power.
Queenly_a._ Like, becoming, or suitable to, a queen.
Oueen-post_n._ One of two suspending posts in a roof truss, or other framed truss of similar form. See King-post.
Queenship_n._ The state, rank, or dignity of a queen.
Queensland nut__ The nut of an Australian tree (Macadamia ternifolia). It is about an inch in diameter, and contains a single round edible seed, or sometimes two hemispherical seeds. So called from Queensland in Australia.
Queen truss__ A truss framed with queen-posts; a queen-post truss.
Queer_a._ At variance with what is usual or normal; differing in some odd way from what is ordinary; odd; singular; strange; whimsical; as, a queer story or act._ Mysterious; suspicious; questionable; as, a queer transaction.
Queer_n._ Counterfeit money.
Queerish_a._ Rather queer; somewhat singular.
Queerly_adv._ In a queer or odd manner.
Queerness_n._ The quality or state of being queer.
Queest_n._ The European ringdove (Columba palumbus); the cushat.
Quegh_n._ A drinking vessel. See Quaich.
Queint_a._ See Quaint.
Queint__ imp. & p. p. of Quench.
Queintise_n._ See Quaintise.
Quelled_imp. & p. p._ of Quell
Quelling_p. pr. & vb. n._ of Quell
Quell_v. i._ To die._ To be subdued or abated; to yield; to abate.
Quell_v. t._ To take the life of; to kill._ To overpower; to subdue; to put down._ To quiet; to allay; to pacify; to cause to yield or cease; as, to quell grief; to quell the tumult of the soul.
Quell_n._ Murder.
Queller_n._ A killer; as, Jack the Giant Queller._ One who quells; one who overpowers or subdues.
Quellio_n._ A ruff for the neck.
Quelquechose_n._ A trifle; a kickshaw.
Queme_v. t. & i._ To please.
Quemeful_a._ Kindly; merciful.
Quenched_imp. & p. p._ of Quench
Quenching_p. pr. & vb. n._ of Quench
Quench_v. t._ To extinguish; to overwhelm; to make an end of; -- said of flame and fire, of things burning, and figuratively of sensations and emotions; as, to quench flame; to quench a candle; to quench thirst, love, hate, etc._ To cool suddenly, as heated steel, in tempering.
Quench_v. i._ To become extinguished; to go out; to become calm or cool.
Quenchable_a._ Capable of being quenched.
Quencher_n._ One who, or that which, quenches.
Quenchless_a._ Incapable of being quenched; inextinguishable; as, quenchless fire or fury.
Quenelle_n._ A kind of delicate forcemeat, commonly poached and used as a dish by itself or for garnishing.
Quenouille training__ A method of training trees or shrubs in the shape of a cone or distaff by tying down the branches and pruning.
Quercitannic_a._ Pertaining to, or designating, a tannic acid found in oak bark and extracted as a yellowish brown amorphous substance.
Quercite_n._ A white crystalline substance, C6H7(OH)5, found in acorns, the fruit of the oak (Quercus). It has a sweet taste, and is regarded as a pentacid alcohol.
Quercitin_n._ A yellow crystalline substance, occurring quite widely distributed in the vegetable kingdom, as is apple-tree bark, horse-chestnut leaves, etc., but originally obtained by the decomposition of quercitrin. Called also meletin.
Quercitrin_n._ A glucoside extracted from the bark of the oak (Quercus) as a bitter citron-yellow crystalline substance, used as a pigment and called quercitron.
Quercitron_n._ The yellow inner bark of the Quercus tinctoria, the American black oak, yellow oak, dyer's oak, or quercitron oak, a large forest tree growing from Maine to eastern Texas._ Quercitrin, used as a pigment. See Quercitrin.
Quercus_n._ A genus of trees constituted by the oak. See Oak.
Querele_n._ A complaint to a court. See Audita Querela.
Querent_n._ A complainant; a plaintiff._ An inquirer.
Quermonious_a._ Complaining; querulous; apt to complain.
Querimony_n._ A complaint or complaining.
Querist_n._ One who inquires, or asks questions.
Querken_v. t._ To stifle or choke.
Querl_v. t._ To twirl; to turn or wind round; to coil; as, to querl a cord, thread, or rope.
Querl_n._ A coil; a twirl; as, the qwerl of hair on the fore leg of a blooded horse.
Quern_n._ A mill for grinding grain, the upper stone of which was turned by hand; -- used before the invention of windmills and watermills.
Querpo_n._ The inner or body garments taken together. See Cuerpo.
Querquedule_n._ A teal._ The pintail duck.
Querry_n._ A groom; an equerry.
Querulential_a._ Querulous.
Querulous_v._ Given to quarreling; quarrelsome._ Apt to find fault; habitually complaining; disposed to murmur; as, a querulous man or people._ Expressing complaint; fretful; whining; as, a querulous tone of voice.
Queries_pl. _ of Query
Query_n._ A question; an inquiry to be answered or solved._ A question in the mind; a doubt; as, I have a query about his sincerity._ An interrogation point [?] as the sign of a question or a doubt.
Query_v. i._ To ask questions; to make inquiry._ To have a doubt; as, I query if he is right.
Queried_imp. & p. p._ of Query
Querying_p. pr. & vb. n._ of Query
Query_v. t._ To put questions about; to elicit by questioning; to inquire into; as, to query the items or the amount; to query the motive or the fact._ To address questions to; to examine by questions._ To doubt of; to regard with incredulity._" To write "" query"" (qu., qy., or ?) against, as a doubtful spelling, or sense, in a proof. See Quaere."
Quesal_n._ The long-tailed, or resplendent, trogon (Pharomachus mocinno, formerly Trogon resplendens), native of Southern Mexico and Central America. Called also quetzal, and golden trogon.
Quest_n._ The act of seeking, or looking after anything; attempt to find or obtain; search; pursuit; as, to rove in quest of game, of a lost child, of property, etc._ Request; desire; solicitation._ Those who make search or inquiry, taken collectively._ Inquest; jury of inquest._ To search for; to examine.
Quest_v. i._ To go on a quest; to make a search; to go in pursuit; to beg.
Questant_n._ One who undertakes a quest; a seeker.
Quester_n._ One who seeks; a seeker.
Question_n._ The act of asking; interrogation; inquiry; as, to examine by question and answer._ Discussion; debate; hence, objection; dispute; doubt; as, the story is true beyond question; he obeyed without question._ Examination with reference to a decisive result; investigation; specifically, a judicial or official investigation; also, examination under torture._ That which is asked; inquiry; interrogatory; query._ Hence, a subject of investigation, examination, or debate; theme of inquiry; matter to be inquired into; as, a delicate or doubtful question._ Talk; conversation; speech; speech.
Questioned_imp. & p. p._ of Question
Questioning_p. pr. & vb. n._ of Question
Question_n._ To ask questions; to inquire._ To argue; to converse; to dispute.
Question_v. t._ To inquire of by asking questions; to examine by interrogatories; as, to question a witness._ To doubt of; to be uncertain of; to query._ To raise a question about; to call in question; to make objection to._ To talk to; to converse with.
Questionability_n._ The state or condition of being questionable.
Questionable_a._ Admitting of being questioned; inviting, or seeming to invite, inquiry._ Liable to question; subject to be doubted or called in question; problematical; doubtful; suspicious.
Questionableness_n._ The quality or state of being questionable, doubtful, or suspicious.
Questionably_adv._ In a questionable manner.
Questionary_a._ Inquiring; asking questions; testing.
Questionary_n._ One who makes it his business to seek after relics and carry them about for sale.
Questioner_n._ One who asks questions; an inquirer.
Questionist_n._ A questioner; an inquirer._ A candidate for honors or degrees who is near the time of his examination.
Questionless_a._ Unquestioning; incurious.
Questionless_adv._ Beyond a question or doubt; doubtless; certainly.
Questmen_pl. _ of Questman
Questman_n._ One legally empowered to make quest of certain matters, esp. of abuses of weights and measures._ A churchwarden's assistant; a sidesman._ A collector of parish rents.
Questmonger_n._ One who lays informations, and encourages petty lawsuits.
Questor_n._ An officer who had the management of the public treasure; a receiver of taxes, tribute, etc.; treasurer of state.
Questorship_n._ The office, or the term of office, of a questor.
Questrist_n._ A seeker; a pursuer.
Questuary_a._ Studious of profit.
Questuary_n._ One employed to collect profits.
Quet_n._ The common guillemot.
Queue_n._ A tail-like appendage of hair; a pigtail._ A line of persons waiting anywhere.
Queue_v. t._ To fasten, as hair, in a queue.
Quey_n._ A heifer.
Quib_n._ A quip; a gibe.
Quibble_n._ A shift or turn from the point in question; a trifling or evasive distinction; an evasion; a cavil._ A pun; a low conceit.
Quibbled_imp. & p. p._ of Quibble
Quibbling_p. pr. & vb. n._ of Quibble
Quibble_v. i._ To evade the point in question by artifice, play upon words, caviling, or by raising any insignificant or impertinent question or point; to trifle in argument or discourse; to equivocate._ To pun; to practice punning.
Quibbler_n._ One who quibbles; a caviler; also, a punster.
Quibblingly_adv._ Triflingly; evasively.
Quica_n._ A small South American opossum (Didelphys quica), native of Guiana and Brazil. It feeds upon insects, small birds, and fruit.
Quice_n._ See Queest.
Quich_v. i._ To stir.
Quick_superl._ Alive; living; animate; -- opposed to dead or inanimate._ Characterized by life or liveliness; animated; sprightly; agile; brisk; ready._ Speedy; hasty; swift; not slow; as, be quick._ Impatient; passionate; hasty; eager; eager; sharp; unceremonious; as, a quick temper._ Fresh; bracing; sharp; keen._ Sensitive; perceptive in a high degree; ready; as, a quick ear._ Pregnant; with child.
Quick_adv._ In a quick manner; quickly; promptly; rapidly; with haste; speedily; without delay; as, run quick; get back quick.
Quick_n._ That which is quick, or alive; a living animal or plant; especially, the hawthorn, or other plants used in making a living hedge._ The life; the mortal point; a vital part; a part susceptible of serious injury or keen feeling; the sensitive living flesh; the part of a finger or toe to which the nail is attached; the tender emotions; as, to cut a finger nail to the quick; to thrust a sword to the quick, to taunt one to the quick; -- used figuratively._ Quitch grass.
Quick_v. t. & i._ To revive; to quicken; to be or become alive.
Quickbeam_n._ See Quicken tree.
quickened_imp. & p. p._ of Quicken
Quickening_p. pr. & vb. n._ of Quicken
Quicken_a._ To make alive; to vivify; to revive or resuscitate, as from death or an inanimate state; hence, to excite; to, stimulate; to incite._ To make lively, active, or sprightly; to impart additional energy to; to stimulate; to make quick or rapid; to hasten; to accelerate; as, to quicken one's steps or thoughts; to quicken one's departure or speed._ To shorten the radius of (a curve); to make (a curve) sharper; as, to quicken the sheer, that is, to make its curve more pronounced.
Quicken_v. i._ To come to life; to become alive; to become vivified or enlivened; hence, to exhibit signs of life; to move, as the fetus in the womb._ To move with rapidity or activity; to become accelerated; as, his pulse quickened.
Quickener_n._ One who, or that which, quickens.
Quickening_n._ The act or process of making or of becoming quick._ The first motion of the fetus in the womb felt by the mother, occurring usually about the middle of the term of pregnancy. It has been popularly supposed to be due to the fetus becoming possessed of independent life.
Quickens_n._ Quitch grass.
Quicken tree__ The European rowan tree; -- called also quickbeam, and quickenbeam. See Rowan tree.
Quickhatch_n._ The wolverine.
Quicklime_a._ Calcium oxide; unslacked lime; -- so called because when wet it develops great heat. See 4th Lime, 2.
Quickly_adv._ Speedily; with haste or celerity; soon; without delay; quick.
Quickness_n._ The condition or quality of being quick or living; life._ Activity; briskness; especially, rapidity of motion; speed; celerity; as, quickness of wit._ Acuteness of perception; keen sensibility._ Sharpness; pungency of taste.
Quicksand_n._ Sand easily moved or readily yielding to pressure; especially, a deep mass of loose or moving sand mixed with water, sometimes found at the mouth of a river or along some coasts, and very dangerous, from the difficulty of extricating a person who begins sinking into it.
Quick-scented_a._ Acute of smell.
Quickset_n._ A living plant set to grow, esp. when set for a hedge; specifically, the hawthorn.
Quickset_a._ Made of quickset.
Quickset_v. t._ To plant with living shrubs or trees for a hedge; as, to quickset a ditch.
Quick-sighted_a._ Having quick sight or acute discernment; quick to see or to discern.
Quicksilver_a._ The metal mercury; -- so called from its resemblance to liquid silver.
Quicksilvered_a._ Overlaid with quicksilver, or with an amalgam of quicksilver and tinfoil.
Quicksilvering_n._ The mercury and foil on the back of a looking-glass.
Quickstep_n._ A lively, spirited march; also, a lively style of dancing.
Quick-witted_a._ Having ready wit
Quick-wittedness_n._ Readiness of wit.
Quickwork_n._ All the submerged section of a vessel's planking._ The planking between the spirketing and the clamps._ The short planks between the portholes.
Quid_n._ A portion suitable to be chewed; a cud; as, a quid of tobacco.
Quid_v. t._ To drop from the mouth, as food when partially chewed; -- said of horses.
Quidam_n._ Somebody; one unknown.
Quiddany_n._ A confection of quinces, in consistency between a sirup and marmalade.
Quiddative_a._ Constituting, or containing, the essence of a thing; quidditative.
Quiddit_n._ A subtilty; an equivocation.
Quidditative_a._ Quiddative.
Quiddities_pl. _ of Quiddity
Quiddity_n._ The essence, nature, or distinctive peculiarity, of a thing; that which answers the question, Quid est? or, What is it?_ A trifling nicety; a cavil; a quibble.
Quiddled_imp. & p. p._ of Quiddle
Quiddling_p. pr. & vb. n._ of Quiddle
Quiddle_v. i._ To spend time in trifling employments, or to attend to useful subjects in an indifferent or superficial manner; to dawdle.
Quiddle_n._ Alt. of Quiddler
Quiddler_n._ One who wastes his energy about trifles.
Quidnunc_n._ One who is curious to know everything that passes; one who knows, or pretends to know, all that is going on.
Quiesced_imp. & p. p._ of Quiesce
Quiescing_p. pr. & vb. n._ of Quiesce
Quiesce_a. & n._ To be silent, as a letter; to have no sound.
Quiescence_n._ Alt. of Quiescency
Quiescency_n._ The state or quality of being quiescent.
Quiescent_a._ Being in a state of repose; at rest; still; not moving; as, a quiescent body or fluid._ Not ruffed with passion; unagitated; not in action; not excited; quiet; dormant; resting._" Not sounded; silent; as, y is quiescent in ""day"" and ""say."""
Quiescent_n._ A silent letter.
Quiescently_adv._ In a quiescent manner.
Quiet_a._ In a state of rest or calm; without stir, motion, or agitation; still; as, a quiet sea; quiet air._ Free from noise or disturbance; hushed; still._ Not excited or anxious; calm; peaceful; placid; settled; as, a quiet life; a quiet conscience._ Not giving offense; not exciting disorder or trouble; not turbulent; gentle; mild; meek; contented._ Not showy; not such as to attract attention; undemonstrative; as, a quiet dress; quiet colors; a quiet movement._ The quality or state of being quiet, or in repose; as an hour or a time of quiet._ Freedom from disturbance, noise, or alarm; stillness; tranquillity; peace; security.
Quieted_imp. & p. p._ of Quiet
Quieting_p. pr. & vb. n._ of Quiet
Quiet_v. t._ To stop motion in; to still; to reduce to a state of rest, or of silence._ To calm; to appease; to pacify; to lull; to allay; to tranquillize; as, to quiet the passions; to quiet clamors or disorders; to quiet pain or grief.
Quiet_v. i._ To become still, silent, or calm; -- often with down; as, be soon quieted down.
Quietage_n._ Quietness.
Quieter_n._ One who, or that which, quiets.
Quietism_n._ Peace or tranquillity of mind; calmness; indifference; apathy; dispassion; indisturbance; inaction._ The system of the Quietists, who maintained that religion consists in the withdrawal of the mind from worldly interests and anxieties and its constant employment in the passive contemplation of God and his attributes.
Quietist_n._ One of a sect of mystics originated in the seventeenth century by Molinos, a Spanish priest living in Rome. See Quietism.
Quietistic_a._ Of or pertaining to the Quietists, or to Quietism.
Quietly_adv._ In a quiet state or manner; without motion; in a state of rest; as, to lie or sit quietly._ Without tumult, alarm, dispute, or disturbance; peaceably; as, to live quietly; to sleep quietly._ Calmly, without agitation or violent emotion; patiently; as, to submit quietly to unavoidable evils._ Noiselessly; silently; without remark or violent movement; in a manner to attract little or no observation; as, he quietly left the room.
Quietness_n._ The quality or state of being quiet; freedom from noise, agitation, disturbance, or excitement; stillness; tranquillity; calmness.
Quietsome_a._ Calm; still.
Quietude_n._ Rest; repose; quiet; tranquillity.
Quietus_a._ Final discharge or acquittance, as from debt or obligation; that which silences claims; (Fig.) rest; death.
Quill_n._ One of the large feathers of a bird's wing, or one of the rectrices of the tail; also, the stock of such a feather._ A pen for writing made by sharpening and splitting the point or nib of the stock of a feather; as, history is the proper subject of his quill._ A spine of the hedgehog or porcupine._ The pen of a squid. See Pen._ The plectrum with which musicians strike the strings of certain instruments._ The tube of a musical instrument._ Something having the form of a quill_ The fold or plain of a ruff._ A spindle, or spool, as of reed or wood, upon which the thread for the woof is wound in a shuttle._ A hollow spindle.
Quilled_imp. & p. p._ of Quill
Quilling_p. pr. & vb. n._ of Quill
Quill_v. t._ To plaint in small cylindrical ridges, called quillings; as, to quill a ruffle._ To wind on a quill, as thread or yarn.
Quillaia bark__ The bark of a rosaceous tree (Quillaja Saponaria), native of Chili. The bark is finely laminated, and very heavy with alkaline substances, and is used commonly by the Chilians instead of soap. Also called soap bark.
Quillback_n._ An American fresh-water fish (Ictiobus, / Carpiodes, cyprinus); -- called also carp sucker, sailfish, spearfish, and skimback.
Quilled_a._ Furnished with quills; also, shaped like quills.
Quillet_n._ Subtilty; nicety; quibble.
Quilling_n._ A band of linen, muslin, or the like, fluted, folded, or plaited so as somewhat to resemble a row of quills._ One of the rounded plaits or flutings of such a band.
Quillwort_n._ Any plant or species of the genus Isoetes, cryptogamous plants with a cluster of elongated four-tubed rushlike leaves, rising from a corm, and containing spores in their enlarged and excavated bases. There are about seventeen American species, usually growing in the mud under still, shallow water. So called from the shape of the shape of the leaves.
Quilt_n._ Anything that is quilted; esp., a quilted bed cover, or a skirt worn by women; any cover or garment made by putting wool, cotton, etc., between two cloths and stitching them together; also, any outer bed cover.
Quilted_imp. & p. p._ of Quilt
Quilting_p. pr. & vb. n._ of Quilt
Quilt_v. t._ To stitch or sew together at frequent intervals, in order to confine in place the several layers of cloth and wadding of which a garment, comforter, etc., may be made; as, to quilt a coat._ To wad, as a garment, with warm soft material._ To stitch or sew in lines or patterns.
Quilter_n._ One who, or that which, quilts.
Quilting_n._ The act of stitching or running in patterns, as in making a quilt._ A quilting bee. See Bee, 2._ The material used for making quilts._ A coating of strands of rope for a water vessel.
Quin_n._ A European scallop (Pecten opercularis), used as food.
Quinaldine_n._ A colorless liquid of a slightly pungent odor, C9H6N.CH3, first obtained as a condensation product of aldehyde and aniline, and regarded as a derivative of quinoline; -- called also methyl quinoline.
Quinary_a._ Consisting of five; arranged by fives.
Quiname_a._ Growing in sets of five; -- said especially of leaves composed of five leaflets set at the end of a common petiole.
Quinate_n._ A salt of quinic acid.
Quinazol_n._ A complex nitrogenous base related to cinnoline.
Quince_n._ The fruit of a shrub (Cydonia vulgaris) belonging to the same tribe as the apple. It somewhat resembles an apple, but differs in having many seeds in each carpel. It has hard flesh of high flavor, but very acid, and is largely used for marmalade, jelly, and preserves._ a quince tree or shrub.
Quincewort_n._ The squinancy.  Called also quinsywort.
Quinch_v. i._ To stir; to wince.
Quincuncial__ Having the form of a quincunx._ Having the leaves of a pentamerous calyx or corolla so imbricated that two are exterior, two are interior, and the other has one edge exterior and one interior; as, quincuncial aestivation.
Quincuncially_adv._ In the manner or order of a quincunx.
Quincunx_n._ An arrangement of things by fives in a square or a rectangle, one being placed at each corner and one in the middle; especially, such an arrangement of trees repeated indefinitely, so as to form a regular group with rows running in various directions._ The position of planets when distant from each other five signs, or 150�._ A quincuncial arrangement, as of the parts of a flower in aestivation. See Quincuncial, 2.
Quindecagon_n._ A plane figure with fifteen angles, and consequently fifteen sides.
Quindecemvirs_pl. _ of Quindecemvir
Quindecemviri_pl. _ of Quindecemvir
Quindecemvir_n._ One of a sacerdotal college of fifteen men whose chief duty was to take care of the Sibylline books.
Quindecemvirate_n._ The body or office of the quindecemviri.
Quindecone_n._ An unsaturated hydrocarbon, C15H26, of the valylene series, produced artificially as an oily liquid.
Quindecylic_n._ Pertaining to, or designating, an acid of the fatty acid series, containing fifteen atoms of carbon; called also pentadecylic acid.
Quindem_n._ A fifteenth part.
Quindism_n._ A fifteenth.
Quinhydrone_n._ A green crystalline substance formed by the union of quinone with hydroquinone, or as an intermediate product in the oxidation of hydroquinone or the reduction of quinone.
Quinia_n._ Quinine.
Quinible_n._ An interval of a fifth; also, a part sung with such intervals.
Quinic_a._ Pertaining to, derived from, or connected with, quinine and related compounds; specifically, designating a nonnitrogenous acid obtained from cinchona bark, coffee, beans, etc., as a white crystalline substance.
Quinicine_n._ An uncrystallizable alkaloid obtained by the action of heat from quinine, with which it is isomeric.
Quinidine_n._ An alkaloid isomeric with, and resembling, quinine, found in certain species of cinchona, from which it is extracted as a bitter white crystalline substance; conchinine. It is used somewhat as a febrifuge.
Quinine_n._ An alkaloid extracted from the bark of several species of cinchona (esp. Cinchona Calisaya) as a bitter white crystalline substance, C20H24N2O2. Hence, by extension (Med.), any of the salts of this alkaloid, as the acetate, chloride, sulphate, etc., employed as a febrifuge or antiperiodic. Called also quinia, quinina, etc.
Quininic_a._ Pertaining to, or designating, a nitrogenous acid obtained as a yellow crystalline substance by the oxidation of quinine.
Quininism_n._ Alt. of Quinism
Quinism_n._ See Cinchonism.
Quinizarin__ A yellow crystalline substance produced artificially. It is isomeric with alizarin.
Quinizine_n._ any one of a series of nitrogenous bases, certain of which are used as antipyretics.
Quinnat_n._ The California salmon (Oncorhynchus choicha); -- called also chouicha, king salmon, chinnook salmon, and Sacramento salmon. It is of great commercial importance.
Quinoa_n._ The seeds of a kind of goosewort (Chenopodium Quinoa), used in Chili and Peru for making porridge or cakes; also, food thus made.
Quinogen_n._ A hypothetical radical of quinine and related alkaloids.
Quinoidine_n._ A brownish resinous substance obtained as a by-product in the treatment of cinchona bark. It consists of a mixture of several alkaloids.
Quinoline_n._ A nitrogenous base, C9H7N obtained as a pungent colorless liquid by the distillation of alkaloids, bones, coal tar, etc. It the nucleus of many organic bodies, especially of certain alkaloids and related substances; hence, by extension, any one of the series of alkaloidal bases of which quinoline proper is the type.
Quinologist_n._ One who is versed in quinology.
Quinology_n._ The science which treats of the cultivation of the cinchona, and of its use in medicine.
Quinone_n._ A crystalline substance, C6H4O2 (called also benzoketone), first obtained by the oxidation of quinic acid and regarded as a double ketone; also, by extension, any one of the series of which quinone proper is the type.
Quinovic_a._ Pertaining to, or designating, a crystalline acid obtained from some varieties of cinchona bark.
Quinovin_n._ An amorphous bitter glucoside derived from cinchona and other barks. Called also quinova bitter, and quinova.
Quinoxaline_n._ Any one of a series of complex nitrogenous bases obtained by the union of certain aniline derivatives with glyoxal or with certain ketones.
Quinoxyl_n._ The hypothetical radical of certain quinone derivatives related to rhodizonic acid.
Quinoyl_n._ A radical of which quinone is the hydride, analogous to phenyl.
Quinquagesima_a._ Fiftieth.
Quinquangular_a._ Having five angles or corners.
Quinquarticular_a._ Relating to the five articles or points; as, the quinquarticular controversy between Arminians and Calvinists.
Quinque-__ A combining form meaning five, five times, fivefold; as, quinquefid, five-cleft; quinquedentate, five-toothed.
Quinqueangled_a._ Having five angles; quinquangular.
Quinquedentate_a._ Alt. of Quinquedentated
Quinquedentated_a._ Five-toothed; as, a quinquedentate leaf.
Quinquefarious_a._ Arranged in five vertical rows; pentastichous.
Quinquefid_a._ Sharply cut about halfway to the middle or base into five segments; as, a quinquefid leaf or corolla.
Quinquefoliate_a._ Alt. of Quinquefoliated
Quinquefoliated_a._ Having five leaves or leaflets.
Quinque foliolate_a._ Having five leaflets.
Quinqueliteral_a._ Consisting of five letters.
Quinquelobate_a._ Alt. of Quinquelobared
Quinquelobared_a._ Cut less than halfway into portions, usually somewhat rounded; five-lobed; as, a quinquelobate leaf or corolla.
Quinquelobed_a._ Same as Quinquelobate.
Quinquelocular_a._ Having five cells or loculi; five-celled; as, a quinquelocular pericarp.
Quinquenerved_a._ Having five nerves; -- said of a leaf with five nearly equal nerves or ribs rising from the end of the petiole.
Quinquennalia_n. pl._ Public games celebrated every five years.
Quinquennial_a._ Occurring once in five years, or at the end of every five years; also, lasting five years. A quinquennial event.
Quinquennium_n._ Space of five years.
Quinquepartite_a._ Consisting of five parts._ Divided into five parts almost to the base.
Quinquereme_n._ A galley having five benches or banks of oars; as, an Athenian quinquereme.
Quinquesyllable_n._ A word of five syllables.
Quinquevalve_a._ Alt. of Quinquevalvular
Quinquevalvular_a._ Having five valves, as a pericarp.
Quinquevirs_pl. _ of Quinquevir
Quinqueviri_pl. _ of Quinquevir
Quinquevir_n._ One of five commissioners appointed for some special object.
Quinquina_n._ Peruvian bark.
Quinquivalent_a._ Same as Pentavalent.
Quinsy_n._ An inflammation of the throat, or parts adjacent, especially of the fauces or tonsils, attended by considerable swelling, painful and impeded deglutition, and accompanied by inflammatory fever. It sometimes creates danger of suffocation; -- called also squinancy, and squinzey.
Quint_n._ A set or sequence of five, as in piquet._ The interval of a fifth.
Quintain_n._ An object to be tilted at; -- called also quintel.
Quintal_n._ A hundredweight, either 112 or 100 pounds, according to the scale used.  Cf. Cental._ A metric measure of weight, being 100,000 grams, or 100 kilograms, equal to 220.46 pounds avoirdupois.
Quintan_a._ Occurring as the fifth, after four others also, occurring every fifth day, reckoning inclusively; as, a quintan fever.
Quintan_n._ An intermittent fever which returns every fifth day, reckoning inclusively, or in which the intermission lasts three days.
Quintel_n._ See Quintain.
Quintessence_n._ The fifth or last and highest essence or power in a natural body. See Ferment oils, under Ferment._ Hence: An extract from anything, containing its rarest virtue, or most subtle and essential constituent in a small quantity; pure or concentrated essence.
Quintessence_v. t._ To distil or extract as a quintessence; to reduce to a quintessence.
Quintessential_a._ Of the nature of a quintessence; purest.
Quintet_n._ Alt. of Quintette
Quintette_n._ A composition for five voices or instruments; also, the set of five persons who sing or play five-part music.
Quintic_a._ Of the fifth degree or order.
Quintic_n._ A quantic of the fifth degree. See Quantic.
Quintile_n._ The aspect of planets when separated the fifth part of the zodiac, or 72�.
Quintilllion_n._ According to the French notation, which is used on the Continent and in America, the cube of a million, or a unit with eighteen ciphers annexed; according to the English notation, a number produced by involving a million to the fifth power, or a unit with thirty ciphers annexed. See the Note under Numeration.
Quintin_n._ See Quintain.
Quintine_n._ The embryonic sac of an ovule, sometimes regarded as an innermost fifth integument.  Cf. Quartine, and Tercine.
Quintole_n._ A group of five notes to be played or sung in the time of four of the same species.
Quintuple_a._ Multiplied by five; increased to five times the amount; fivefold.
Quintupled_imp. & p. p._ of Quintuple
Quintupling_p. pr. & vb. n._ of Quintuple
Quintuple_v. t._ To make fivefold, or five times as much or many.
Quittuple-nerved_a._ Alt. of Quintuple-ribbed
Quintuple-ribbed_a._ The same as Quinquenerved.
Quinzaine_n._ The fifteenth day after a feast day, including both in the reckoning.
Quinze_n._ A game at cards in which the object is to make fifteen points.
Quip_n._ A smart, sarcastic turn or jest; a taunt; a severe retort; a gibe.
Quipped_imp. & p. p._ of Quip
Quipping_p. pr. & vb. n._ of Quip
Quip_v. t._ To taunt; to treat with quips.
Quip_v. i._ To scoff; to use taunts.
Quipo_n._ Same as Quipu.
Quipus_pl. _ of Quipu
Quipu_n._ A contrivance employed by the ancient Peruvians, Mexicans, etc., as a substitute for writing and figures, consisting of a main cord, from which hung at certain distances smaller cords of various colors, each having a special meaning, as silver, gold, corn, soldiers. etc. Single, double, and triple knots were tied in the smaller cords, representing definite numbers. It was chiefly used for arithmetical purposes, and to register important facts and events.
Quirboilly_n._ Leather softened by boiling so as to take any required shape. Upon drying, it becomes exceedingly hard, and hence was formerly used for armor.
Quire_n._ See Choir.
Quire_v. i._ To sing in concert.
Quire_n._ A collection of twenty-four sheets of paper of the same size and quality, unfolded or having a single fold; one twentieth of a ream.
Quirister_n._ A chorister. See Chorister.
Quiritation_n._ A crying for help.
Quirite_n._ One of the Quirites.
Quirites_n. pl._ Roman citizens.
Quirk_n._ A sudden turn; a starting from the point or line; hence, an artful evasion or subterfuge; a shift; a quibble; as, the quirks of a pettifogger._ A fit or turn; a short paroxysm; a caprice._ A smart retort; a quibble; a shallow conceit._ An irregular air; as, light quirks of music._ A piece of ground taken out of any regular ground plot or floor, so as to make a court, yard, etc.; -- sometimes written quink._ A small channel, deeply recessed in proportion to its width, used to insulate and give relief to a convex rounded molding.
Quirked_a._ Having, or formed with, a quirk or quirks.
Quirkish_a._ Consisting of quirks; resembling a quirk.
Quirky_a._ Full of quirks; tricky; as, a quirky lawyer.
Quirl_n. & v._ See Querl.
Quirpele_n._ The Indian ferret.
Quirt_n._ A rawhide whip plaited with two thongs of buffalo hide.
Quish_n._ See Cuish.
Quit_n._ Any one of numerous species of small passerine birds native of tropical America. See Banana quit, under Banana, and Guitguit.
Quit_v._ Released from obligation, charge, penalty, etc.; free; clear; absolved; acquitted.
Quit_imp. & p. p._ of Quit
Quitted__ of Quit
Quitting_p. pr. & vb. n._ of Quit
Quit_a._ To set at rest; to free, as from anything harmful or oppressive; to relieve; to clear; to liberate._ To release from obligation, accusation, penalty, or the like; to absolve; to acquit._ To discharge, as an obligation or duty; to meet and satisfy, as a claim or debt; to make payment for or of; to requite; to repay._ To meet the claims upon, or expectations entertained of; to conduct; to acquit; -- used reflexively._ To carry through; to go through to the end._ To have done with; to cease from; to stop; hence, to depart from; to leave; to forsake; as, to quit work; to quit the place; to quit jesting.
Quit_v. i._ To away; to depart; to stop doing a thing; to cease.
Quitch_n._ Same as Quitch grass._ Figuratively: A vice; a taint; an evil.
Quitch grass__ A perennial grass (Agropyrum repens) having long running rootstalks, by which it spreads rapidly and pertinaciously, and so becomes a troublesome weed. Also called couch grass, quick grass, quick grass, twitch grass. See Illustration in Appendix.
Quitclaim_n._ A release or relinquishment of a claim; a deed of release; an instrument by which some right, title, interest, or claim, which one person has, or is supposed to have, in or to an estate held by himself or another, is released or relinquished, the grantor generally covenanting only against persons who claim under himself.
Quitclaimed_imp. & p. p._ of Quitclaim
Quitclaiming_p. pr. & vb. n._ of Quitclaim
Quitclaim_v. t._ To release or relinquish a claim to; to release a claim to by deed, without covenants of warranty against adverse and paramount titles.
Quite_v. t. & i._ See Quit.
Quite_a._ Completely; wholly; entirely; totally; perfectly; as, the work is not quite done; the object is quite accomplished; to be quite mistaken._ To a great extent or degree; very; very much; considerably.
Quitly_adv._ Quite.
Quitrent_n._ A rent reserved in grants of land, by the payment of which the tenant is quit from other service.
Quits_interj._ See the Note under Quit, a.
Quittable_a._ Capable of being quitted.
Quittal_n._ Return; requital; quittance.
Quittance_v. t._ Discharge from a debt or an obligation; acquittance._ Recompense; return; repayment._ To repay; to requite.
Quitter_n._ One who quits._ A deliverer.
Quittor_n._ A chronic abscess, or fistula of the coronet, in a horse's foot, resulting from inflammation of the tissues investing the coffin bone.
Quitture_n._ A discharge; an issue.
Quiver_a._ Nimble; active.
Quivered_imp. & p. p._ of Quiver
Quivering_p. pr. & vb. n._ of Quiver
Quiver_v. i._ To shake or move with slight and tremulous motion; to tremble; to quake; to shudder; to shiver.
Quiver_n._ The act or state of quivering; a tremor._ A case or sheath for arrows to be carried on the person.
Quivered_a._ Furnished with, or carrying, a quiver._ Sheathed, as in a quiver.
Quiveringly_adv._ With quivering motion.
Qui vive__" The challenge of a French sentinel, or patrol; -- used like the English challenge: ""Who comes there?"""
Quixotic_a._ Like Don Quixote; romantic to extravagance; absurdly chivalric; apt to be deluded.
Quixotically_adv._ In a quixotic way.
Quixotism_n._ That form of delusion which leads to extravagant and absurd undertakings or sacrifices in obedience to a morbidly romantic ideal of duty or honor, as illustrated by the exploits of Don Quixote in knight-errantry.
Quixotry_n._ Quixotism; visionary schemes.
Quiz_n._ A riddle or obscure question; an enigma; a ridiculous hoax._ One who quizzes others; as, he is a great quiz._ An odd or absurd fellow._ An exercise, or a course of exercises, conducted as a coaching or as an examination.
Quizzed_imp. & p. p._ of Quiz
Quizzing_p. pr. & vb. n._ of Quiz
Quiz_v. t._ To puzzle; to banter; to chaff or mock with pretended seriousness of discourse; to make sport of, as by obscure questions._ To peer at; to eye suspiciously or mockingly._ To instruct in or by a quiz. See Quiz, n., 4.
Quiz_v. i._ To conduct a quiz. See Quiz, n., 4.
Quizzer_n._ One who quizzes; a quiz.
Quizzical_a._ Relating to quizzing: given to quizzing; of the nature of a quiz; farcical; sportive.
Quizzism_n._ The act or habit of quizzing.
Quob_v. i._ To throb; to quiver.
Quod_n._ A quadrangle or court, as of a prison; hence, a prison.
Quod_v._ Quoth; said. See Quoth.
Quoddies_n. pl._ Herring taken and cured or smoked near Quoddy Head, Maine, or near the entrance of Passamaquoddy Ray.
Quodlibet_n._ A nice point; a subtilty; a debatable point._ A medley improvised by several performers.
Quodlibetarian_n._ One who discusses any subject at pleasure.
Quodlibetical_a._ Not restricted to a particular subject; discussed for curiosity or entertainment.
Quoif_n. & v. t._ See Coif.
Quoifffure_n._ See Coiffure.
Quoil_n._ See Coil.
Quoin_n._ Originally, a solid exterior angle, as of a building; now, commonly, one of the selected pieces of material by which the corner is marked._ A wedgelike piece of stone, wood metal, or other material, used for various purposes_ to support and steady a stone._ To support the breech of a cannon._ To wedge or lock up a form within a chase._ To prevent casks from rolling.
Quoit_n._ A flattened ring-shaped piece of iron, to be pitched at a fixed object in play; hence, any heavy flat missile used for the same purpose, as a stone, piece of iron, etc._ A game played with quoits._ The discus of the ancients. See Discus._ A cromlech.
Quoit_v. i._ To throw quoits; to play at quoits.
Quoit_v. t._ To throw; to pitch.
Quoke__ imp. of Quake.
Quoll_n._ A marsupial of Australia (Dasyurus macrurus), about the size of a cat.
Quondam_a._ Having been formerly; former; sometime.
Quondam_n._ A person dismissed or ejected from a position.
Quook__ imp. of Quake.
Quop_v. i._ See Quob.
Quorum_n._ Such a number of the officers or members of any body as is competent by law or constitution to transact business; as, a quorum of the House of Representatives; a constitutional quorum was not present.
Quota_n._ A proportional part or share; the share or proportion assigned to each in a division.
Quotable_a._ Capable or worthy of being quoted; as, a quotable writer; a quotable sentence.
Quotation_n._ The act of quoting or citing._ That which is quoted or cited; a part of a book or writing named, repeated, or adduced as evidence or illustration._ The naming or publishing of the current price of stocks, bonds, or any commodity; also the price named._ Quota; share._ A piece of hollow type metal, lower than type, and measuring two or more pica ems in length and breadth, used in the blank spaces at the beginning and end of chapters, etc.
Quotationist_n._ One who makes, or is given to making, quotations.
Quoted_imp. & p. p._ of Quote
Quoting_p. pr. & vb. n._ of Quote
Quote_v. t._ To cite, as a passage from some author; to name, repeat, or adduce, as a passage from an author or speaker, by way of authority or illustration; as, to quote a passage from Homer._ To cite a passage from; to name as the authority for a statement or an opinion; as, to quote Shakespeare._ To name the current price of._ To notice; to observe; to examine._ To set down, as in writing.
Quote_n._ A note upon an author.
Quoter_n._ One who quotes the words of another.
Quoth_v. t._ Said; spoke; uttered; -- used only in the first and third persons in the past tenses, and always followed by its nominative, the word or words said being the object; as, quoth I. quoth he.
Quotha_interj._ Indeed; forsooth.
Quotidian_a._ Occurring or returning daily; as, a quotidian fever.
Quotidian_n._ Anything returning daily; especially (Med.), an intermittent fever or ague which returns every day.
Quotient_n._ The number resulting from the division of one number by another, and showing how often a less number is contained in a greater; thus, the quotient of twelve divided by four is three._ The result of any process inverse to multiplication. See the Note under Multiplication.
Quotiety_n._ The relation of an object to number.
Quotum_n._ Part or proportion; quota.
Quo warranto__ A writ brought before a proper tribunal, to inquire by what warrant a person or a corporation acts, or exercises certain powers.
Quran_n._ See Koran.
